,typecode,generated,CAS,altitude,vertical_rate
0,B738,generated,164.7959139062724,3916.5925672494186,2336.2830336451166
1,B738,generated,166.06521368464198,4125.292793670561,2336.2830336451166
2,B738,generated,167.47117605413501,4274.290255703085,1524.6906768145548
3,B738,generated,168.96101244071937,4393.355618569221,1476.059014089975
4,B738,generated,170.9816255637508,4526.650056269313,1349.5364053242067
5,B738,generated,172.97337118104085,4609.735775386643,1272.6945845577695
6,B738,generated,174.9271742794492,4673.722006452679,1221.8297518575594
7,B738,generated,177.29385207989893,4729.262293139972,1201.237079958668
8,B738,generated,179.75915136930288,4784.9627502628055,1215.3815537198968
9,B738,generated,182.40719858027623,4842.038490349851,1198.204207580753
10,B738,generated,185.14258859305815,4906.35679198721,1056.1040083858945
11,B738,generated,187.87953785654238,4964.41205437492,1052.9269997133028
12,B738,generated,190.75169541322978,5018.383567568967,1142.589630220279
13,B738,generated,193.49400877101948,5101.279549477175,1332.657750680906
14,B738,generated,196.18592584048085,5191.254606816625,1519.4145029983754
15,B738,generated,198.7780452343302,5290.657842264749,1566.1409355886851
16,B738,generated,201.31195979842596,5380.88090566466,1484.0080125907875
17,B738,generated,203.76292523647547,5467.627114641071,1446.4545331015863
18,B738,generated,206.19833804878132,5545.505141885274,1430.339168816896
19,B738,generated,208.59198601554536,5607.941332335866,1441.8015562284977
20,B738,generated,210.8284101418156,5656.917601419152,1460.4641583643922
21,B738,generated,212.98682667210196,5715.152661058151,1473.588120580084
22,B738,generated,215.04172032907468,5753.744574403909,1514.749475881594
23,B738,generated,216.97536536167158,5791.609811765338,1568.735963780581
24,B738,generated,218.8122458735008,5833.622902282031,1638.6867772840214
25,B738,generated,220.62650705817765,5883.306790444221,1715.3982478617163
26,B738,generated,222.31684373083706,5930.600614557451,1796.0897705824732
27,B738,generated,223.97102856806174,5980.214067776025,1864.3570963541667
28,B738,generated,225.56538055139944,6042.102717252803,1952.0342737600345
29,B738,generated,227.06457962829404,6117.595374866606,2050.216725200688
30,B738,generated,228.47117476312636,6201.860677332203,2073.028411398605
31,B738,generated,229.80135679099175,6272.885450512869,2071.7499432578365
32,B738,generated,231.0167040810308,6347.800962675602,2069.125035837156
33,B738,generated,232.10582690379914,6405.518651995333,2048.799925637901
34,B738,generated,233.12462349210188,6466.577112600344,2083.7146630710054
35,B738,generated,234.06018495705513,6513.405957827631,2114.784544031919
36,B738,generated,234.94989236098667,6591.996691533671,2156.9934268683105
37,B738,generated,235.7434644942133,6663.777923863962,2160.4608434274655
38,B738,generated,236.48482487763104,6723.601255395483,2205.7375286697247
39,B738,generated,237.1743315406045,6780.16973124124,2317.98601902953
40,B738,generated,237.82175846080412,6855.377952085722,2370.4583049622515
41,B738,generated,238.43132435898775,6910.561575700019,2378.9862788489104
42,B738,generated,239.0319915989245,6989.810098910551,2394.0191967698775
43,B738,generated,239.62645650663384,7085.4465115515095,2360.4267533328557
44,B738,generated,240.19558081204008,7179.637949905628,2407.05997198729
45,B738,generated,240.64497583916184,7251.826760201644,2408.4909421588304
46,B738,generated,241.09578979367754,7325.858686379093,2425.5926121702983
47,B738,generated,241.50456317120006,7398.350028719498,2394.964215106556
48,B738,generated,241.88443778657282,7481.678611140976,2399.934559859996
49,B738,generated,242.26738200056442,7563.035318761547,2441.2491787318427
50,B738,generated,242.6046301232201,7638.65039087387,2442.7867495102255
51,B738,generated,242.90425069422045,7724.659998218097,2451.9578883553136
52,B738,generated,243.18871560130765,7792.509244741893,2436.1615568855123
53,B738,generated,243.4845760084924,7989.273260554042,2442.598776161124
54,B738,generated,243.74101722398422,8096.081371995651,2476.2334103832186
55,B738,generated,244.0464266933554,8217.552599487926,2435.3855779338687
56,B738,generated,244.35284034970095,8313.027903705562,2350.8276964473434
57,B738,generated,244.62407618220308,8408.329439029052,2324.0889075043006
58,B738,generated,244.88174783782492,8513.320917749745,2343.9011656034977
59,B738,generated,245.14571897796412,8596.503700435222,2321.8999142894686
60,B738,generated,245.37097622154928,8719.7582084508,2433.1727679424694
61,B738,generated,245.51959678035507,8834.930525940128,2477.8568634126527
62,B738,generated,245.66825519837857,8936.958390573236,2496.499060767871
63,B738,generated,245.82815147345462,9018.045438527331,2422.1342818233943
64,B738,generated,245.98905627516066,9125.306482841966,2404.9019107176987
65,B738,generated,246.18534228901373,9232.62698199382,2402.9868178994648
66,B738,generated,246.35893335060484,9320.409915842412,2405.718788823586
67,B738,generated,246.52801743875827,9388.313315793037,2372.1674311926604
68,B738,generated,246.69404455840163,9487.835227227479,2330.003658376338
69,B738,generated,246.8657937239434,9560.262683366782,2305.536064124618
70,B738,generated,247.02427469578237,9644.006866299535,2307.2640123279816
71,B738,generated,247.22565747182304,9739.341734159978,2298.0187726968657
72,B738,generated,247.4192521992566,9807.768523329989,2185.9322289516435
73,B738,generated,247.60049051173965,9884.52566487879,2198.842459862385
74,B738,generated,247.80395038072,9971.759763634047,2208.986868668769
75,B738,generated,248.00834577990113,10044.324713999586,2180.2509347524847
76,B738,generated,248.1862981176036,10137.373152395514,2124.8696423451834
77,B738,generated,248.39969704226496,10204.567387292145,2151.8894095231267
78,B738,generated,248.6382560613323,10320.81263886898,2207.0741351299694
79,B738,generated,248.87124921544003,10401.080815773126,2205.0951924455276
80,B738,generated,249.11108211785645,10483.665069922274,2206.8848552178897
81,B738,generated,249.3640867927388,10569.667066350503,2187.512483275994
82,B738,generated,249.63494194878473,10651.868872841807,2119.87455502198
83,B738,generated,249.95642080511158,10728.061335292432,2059.913318879014
84,B738,generated,250.32953605690741,10805.832406046922,1980.0685534929282
85,B738,generated,250.73619264686266,10881.211007681097,1996.735414277523
86,B738,generated,251.13247442682948,10956.279830450434,1967.9058109948394
87,B738,generated,251.57300347533308,11030.75632724898,1921.8589031441131
88,B738,generated,252.03499076757714,11090.657119051031,1838.4186854931193
89,B738,generated,252.55104946871415,11143.176947948521,1777.6554585961392
90,B738,generated,253.01537955281202,11207.578423642966,1869.6143324732416
91,B738,generated,253.54333954946225,11273.761022911889,1876.00426163513
92,B738,generated,254.07294788418923,11336.29336445193,1818.276128273127
93,B738,generated,254.58234700271964,11401.683774926732,1812.9765595135702
94,B738,generated,255.17129465272302,11499.75233787669,1840.7872527236239
95,B738,generated,255.81493037823628,11565.603651009811,1794.2840482845947
96,B738,generated,256.4063853381484,11624.265570746527,1782.0128535932722
97,B738,generated,257.0593383509085,11716.872323661282,1815.341513164182
98,B738,generated,257.70522427340165,11807.218021311162,1801.190749235474
99,B738,generated,258.3655223632564,11857.695230870922,1742.373046875
100,B738,generated,259.039063371042,11918.709127723623,1628.3348564124617
101,B738,generated,259.7241336460872,11971.366285100503,1580.1688228688838
102,B738,generated,260.4391749515203,12039.906834344738,1606.3095046110475
103,B738,generated,261.1358025693748,12096.605213410263,1606.054403789182
104,B738,generated,261.8813895440369,12166.244505964896,1643.0587311257646
105,B738,generated,262.605744465897,12238.20083988357,1636.6734757262998
106,B738,generated,263.3879813253576,12325.311781265927,1643.50914444763
107,B738,generated,264.115738397223,12391.100654127644,1684.1713702933869
108,B738,generated,264.88112648935737,12467.33394704463,1643.329465906919
109,B738,generated,265.61234831737085,12542.378047153734,1656.4724292813455
110,B738,generated,266.3100877736565,12591.196504583175,1696.9514675315368
111,B738,generated,267.0101505788945,12651.661646976141,1670.1366440892584
112,B738,generated,267.666226541595,12709.990852565941,1699.7364625143348
113,B738,generated,268.28703591194113,12768.73324513411,1771.5170166762232
114,B738,generated,268.9203657331088,12861.90820262726,1788.7915263044724
115,B738,generated,269.53507241220893,12937.857168526218,1739.3604859518348
116,B738,generated,270.16817419147395,13001.25906331629,1692.9901477685398
117,B738,generated,270.79044955658986,13078.00334828539,1636.5377723623853
118,B738,generated,271.38523334343745,13157.343228868023,1735.4037204940748
119,B738,generated,271.93190310416963,13239.118922117896,1784.6460184919724
120,B738,generated,272.45980187901176,13323.717835654785,1799.849812452217
121,B738,generated,273.02320561618006,13398.750194615666,1755.31889095948
122,B738,generated,273.533659877641,13474.777155604932,1777.6238771024464
123,B738,generated,274.0161344351268,13557.409133895579,1796.6976658065748
124,B738,generated,274.4990160336431,13630.222856340788,1814.9442582903287
125,B738,generated,274.9294189546451,13704.67489726682,1850.1142458667814
126,B738,generated,275.381927568006,13775.702453053325,1817.881800100344
127,B738,generated,275.82499626385203,13844.245157006562,1823.4900611620794
128,B738,generated,276.2504181934788,13907.347054982161,1834.5349382406346
129,B738,generated,276.7002756972318,13980.077285813264,1842.6854274178133
130,B738,generated,277.07781484683596,14073.754983355631,1869.8851867115825
131,B738,generated,277.44319678568087,14163.997221624937,1850.185964975153
132,B738,generated,277.8409908034143,14246.131453674503,1852.4837687547783
133,B738,generated,278.18229916384945,14311.923038712092,1883.843281130543
134,B738,generated,278.4810655226401,14377.770301251116,1866.5201822916667
135,B738,generated,278.79473362105097,14456.771872610856,1826.2257651232799
136,B738,generated,279.1156475599874,14546.46606271104,1875.7863418625764
137,B738,generated,279.43321030487465,14632.250013438934,1950.8981388570337
138,B738,generated,279.66959994721486,14707.839001576835,1918.651776328364
139,B738,generated,279.9651305405736,14780.836191346521,1926.39967985474
140,B738,generated,280.2447716171467,14865.492201436671,1905.7615246320718
141,B738,generated,280.4748408232989,14923.004546341424,1928.2099191274847
142,B738,generated,280.7073174806181,14974.925376091041,1937.4807823251147
143,B738,generated,280.94183408715793,15063.483939479007,1991.4695324445718
144,B738,generated,281.2027779830948,15138.879735979708,2031.1884646167814
145,B738,generated,281.39162761598794,15216.683305559538,2047.6730785311545
146,B738,generated,281.5726959975123,15301.728191597382,2040.4456201022554
147,B738,generated,281.7695933584044,15391.697087932434,1950.2178600439602
148,B738,generated,281.9114995367301,15471.847244620445,1932.176793649656
149,B738,generated,282.1096188450929,15532.083650392617,1950.0828136945718
150,B738,generated,282.28959850190734,15602.347835933519,1934.6878733037079
151,B738,generated,282.455164575917,15657.034978059697,2006.4780885655582
152,B738,generated,282.6318038022725,15733.579167263953,2055.774545465405
153,B738,generated,282.8034819312295,15818.46149496687,2057.448648341934
154,B738,generated,282.9454206336407,15913.62000171222,2001.8774190080276
155,B738,generated,283.10626791546713,15977.570501640545,1939.769671612194
156,B738,generated,283.25982202496857,16048.103417072822,1959.7749575926987
157,B738,generated,283.37209152859407,16125.469855974452,1936.4202115586775
158,B738,generated,283.49493072229785,16219.598070368247,1885.6086343654433
159,B738,generated,283.6319461243111,16288.329977581869,1914.2409989009939
160,B738,generated,283.78900244476597,16367.05365917272,1861.9161231364678
161,B738,generated,283.92282426466636,16435.286241319445,1927.7993447773317
162,B738,generated,284.0298784199597,16509.951944364806,1954.1435666332186
163,B738,generated,284.1391319251571,16590.546117442344,1925.5760673499617
164,B738,generated,284.29718420435046,16649.620777188455,1946.445924718081
165,B738,generated,284.40849455076136,16721.827457035233,1925.2642094323394
166,B738,generated,284.5301964902732,16799.80792976714,1988.9948573681193
167,B738,generated,284.6567331327697,16872.246457098943,1972.2415245126147
168,B738,generated,284.77582109083824,16967.184241805237,1985.5389012327983
169,B738,generated,284.9049789164288,17040.99000989504,1940.4660024847094
170,B738,generated,285.04812751171175,17118.321267162017,1942.1379551318807
171,B738,generated,285.1617763103209,17187.514129794214,1914.1086254061545
172,B738,generated,285.237761393478,17259.257492952027,2017.8424240252293
173,B738,generated,285.322040662853,17346.578785996433,2038.1527289994267
174,B738,generated,285.3718665197841,17424.75981440335,1962.8518163465214
175,B738,generated,285.4352404859817,17493.948332775868,1942.303985689029
176,B738,generated,285.49105405661675,17560.714498319634,1928.0641216313074
177,B738,generated,285.57060083045144,17638.303114149305,1998.352476347477
178,B738,generated,285.58874832137764,17718.699410876976,1981.6879151137232
179,B738,generated,285.62531819474805,17789.657652626465,1988.685687237194
180,B738,generated,285.70855991312976,17867.281071809695,1985.1692857654816
181,B738,generated,285.72864628129776,17943.32269666635,2025.521699397936
182,B738,generated,285.7645161013355,18022.723340142395,2009.115688312309
183,B738,generated,285.8244699522868,18101.439801541794,2018.8952002102446
184,B738,generated,285.89832068704806,18173.069011412143,1981.0500734661698
185,B738,generated,285.9014925242199,18245.724146478402,1990.44105086487
186,B738,generated,285.89781962014604,18314.934962530264,1992.9602237433105
187,B738,generated,285.9258463448341,18395.964986103147,1978.7577647171254
188,B738,generated,285.95918812105293,18458.30698207346,1974.0429836821484
189,B738,generated,286.0017053135552,18542.067484848845,1943.1290764764908
190,B738,generated,286.01982518000705,18621.109191334577,1931.3222715978593
191,B738,generated,286.0415159608489,18688.554203698393,1924.2142703555046
192,B738,generated,286.0692415538792,18776.48567807881,1949.7369552752293
193,B738,generated,286.10233573641375,18852.064947876846,1965.8856555810398
194,B738,generated,286.1182160450413,18931.676929532205,1935.0021502293578
195,B738,generated,286.1464343056402,19008.324385492324,1910.4974197247707
196,B738,generated,286.1835532776563,19066.85664789198,1963.5941979644494
197,B738,generated,286.1703754856681,19132.468531492897,1942.594789277523
198,B738,generated,286.16370325739837,19207.676739396185,1894.6382836391438
199,B738,generated,286.1829667708682,19279.315560592666,1879.8983419342508
200,B738,generated,286.2076555537886,19351.11116636006,1993.2034236429663
201,B738,generated,286.2215826907532,19422.34264651424,1976.9021466456422
202,B738,generated,286.2488675209846,19503.141796178166,1877.3671038799694
203,B738,generated,286.3001627013102,19573.6571056121,1797.6859052465597
204,B738,generated,286.3262841927531,19639.733983279977,1821.0310648413608
205,B738,generated,286.33624200694544,19709.37102755081,1803.7145809441895
206,B738,generated,286.354498144805,19773.848459101842,1833.3745759269877
207,B738,generated,286.34570320277163,19847.758692999014,1883.7945276662845
208,B738,generated,286.32778006737385,19924.69249281266,1934.0267524369267
209,B738,generated,286.31417894898084,19996.074054994107,1901.562171492737
0,B738,generated_centroid,166.75906372070312,3406.031494140625,3926.5283203125
1,B738,generated_centroid,167.37489318847656,3536.915771484375,3926.5283203125
2,B738,generated_centroid,168.10411071777344,3567.86572265625,928.505859375
3,B738,generated_centroid,168.8340301513672,3598.81591796875,928.505859375
4,B738,generated_centroid,170.76776123046875,3708.676513671875,1295.25146484375
5,B738,generated_centroid,172.2799072265625,3751.8515625,1295.25146484375
6,B738,generated_centroid,173.7908935546875,3795.0263671875,1332.890625
7,B738,generated_centroid,177.12416076660156,3839.4560546875,1332.890625
8,B738,generated_centroid,179.11109924316406,3885.78955078125,1390.0048828125
9,B738,generated_centroid,181.09642028808594,3932.123046875,1390.0048828125
10,B738,generated_centroid,186.04759216308594,4011.452392578125,311.93115234375
11,B738,generated_centroid,188.36573791503906,4021.85009765625,311.93115234375
12,B738,generated_centroid,190.6851348876953,4032.248046875,311.9384765625
13,B738,generated_centroid,193.16441345214844,4074.35693359375,1263.2666015625
14,B738,generated_centroid,195.64024353027344,4116.4658203125,1263.2666015625
15,B738,generated_centroid,196.1700897216797,4211.0625,2837.900390625
16,B738,generated_centroid,196.69851684570312,4305.65966796875,2837.9150390625
17,B738,generated_centroid,200.6809844970703,4355.92041015625,1061.4111328125
18,B738,generated_centroid,204.36846923828125,4460.48095703125,1061.4111328125
19,B738,generated_centroid,206.46841430664062,4495.861328125,1061.4111328125
20,B738,generated_centroid,208.56658935546875,4531.24169921875,1061.4111328125
21,B738,generated_centroid,210.9915008544922,4632.03271484375,954.3603515625
22,B738,generated_centroid,212.50030517578125,4663.8447265625,954.3603515625
23,B738,generated_centroid,214.0082244873047,4695.65673828125,954.3603515625
24,B738,generated_centroid,216.70639038085938,4805.72705078125,1741.0400390625
25,B738,generated_centroid,218.0847930908203,4863.76171875,1741.0400390625
26,B738,generated_centroid,219.46168518066406,4921.79638671875,1741.0400390625
27,B738,generated_centroid,220.553466796875,4960.2177734375,1152.6416015625
28,B738,generated_centroid,221.6439666748047,4998.638671875,1152.626953125
29,B738,generated_centroid,223.7962646484375,5154.86279296875,1623.0615234375
30,B738,generated_centroid,225.19091796875,5208.96484375,1623.0615234375
31,B738,generated_centroid,226.58274841308594,5263.06640625,1623.046875
32,B738,generated_centroid,228.2347869873047,5382.31494140625,1675.400390625
33,B738,generated_centroid,228.88519287109375,5438.16162109375,1675.400390625
34,B738,generated_centroid,229.5337677001953,5494.00830078125,1675.400390625
35,B738,generated_centroid,230.28245544433594,5563.4521484375,2083.3154296875
36,B738,generated_centroid,231.02871704101562,5632.896484375,2083.330078125
37,B738,generated_centroid,231.68084716796875,5777.08837890625,1741.5966796875
38,B738,generated_centroid,232.2660369873047,5835.1416015625,1741.5966796875
39,B738,generated_centroid,232.84974670410156,5893.1953125,1741.611328125
40,B738,generated_centroid,233.5537567138672,6044.4072265625,2695.9130859375
41,B738,generated_centroid,234.0579376220703,6134.27099609375,2695.9130859375
42,B738,generated_centroid,235.1534881591797,6224.134765625,2695.9130859375
43,B738,generated_centroid,235.1534881591797,6397.22705078125,2728.3447265625
44,B738,generated_centroid,235.1534881591797,6488.171875,2728.3447265625
45,B738,generated_centroid,235.1534881591797,6579.1162109375,2728.330078125
46,B738,generated_centroid,235.1534881591797,6627.4208984375,1895.888671875
47,B738,generated_centroid,235.1534881591797,6690.6171875,1895.888671875
48,B738,generated_centroid,235.4793243408203,6753.81298828125,1895.8740234375
49,B738,generated_centroid,235.4793243408203,6843.86181640625,2701.46484375
50,B738,generated_centroid,236.1456756591797,6933.91064453125,2701.46484375
51,B738,generated_centroid,236.1456756591797,7100.04638671875,2393.9208984375
52,B738,generated_centroid,236.3929443359375,7179.84375,2393.9208984375
53,B738,generated_centroid,236.63937377929688,7259.640625,2393.90625
54,B738,generated_centroid,237.1238250732422,7369.58349609375,3068.37890625
55,B738,generated_centroid,237.37171936035156,7471.86279296875,3068.37890625
56,B738,generated_centroid,237.6182403564453,7574.14208984375,3068.37890625
57,B738,generated_centroid,238.739501953125,7746.392578125,1700.302734375
58,B738,generated_centroid,239.09210205078125,7803.0693359375,1700.302734375
59,B738,generated_centroid,239.44361877441406,7859.74658203125,1700.3173828125
60,B738,generated_centroid,240.61058044433594,8003.51953125,940.78125
61,B738,generated_centroid,241.84848022460938,8034.87890625,940.78125
62,B738,generated_centroid,243.0859832763672,8066.23876953125,940.7958984375
63,B738,generated_centroid,243.68177795410156,8129.865234375,1908.7939453125
64,B738,generated_centroid,244.276123046875,8193.4912109375,1908.779296875
65,B738,generated_centroid,245.54917907714844,8306.9580078125,2301.650390625
66,B738,generated_centroid,245.7811279296875,8383.6796875,2301.650390625
67,B738,generated_centroid,246.01182556152344,8460.40234375,2301.6796875
68,B738,generated_centroid,246.7342987060547,8586.013671875,1657.20703125
69,B738,generated_centroid,247.0380096435547,8641.25390625,1657.20703125
70,B738,generated_centroid,247.3402862548828,8696.4951171875,1657.236328125
71,B738,generated_centroid,247.55581665039062,8898.4541015625,1491.09375
72,B738,generated_centroid,248.1897430419922,8948.1572265625,1491.09375
73,B738,generated_centroid,248.57981872558594,8997.8603515625,1491.09375
74,B738,generated_centroid,248.57981872558594,9171.46875,2035.01953125
75,B738,generated_centroid,248.57981872558594,9239.302734375,2035.01953125
76,B738,generated_centroid,248.9163818359375,9307.13671875,2035.01953125
77,B738,generated_centroid,248.76283264160156,9362.5498046875,1662.392578125
78,B738,generated_centroid,248.60865783691406,9417.962890625,1662.392578125
79,B738,generated_centroid,248.78118896484375,9481.83203125,1916.07421875
80,B738,generated_centroid,248.95252990722656,9545.701171875,1916.07421875
81,B738,generated_centroid,248.4895782470703,9696.9326171875,2322.216796875
82,B738,generated_centroid,248.55148315429688,9774.33984375,2322.216796875
83,B738,generated_centroid,248.6128692626953,9851.74609375,2322.1875
84,B738,generated_centroid,248.7329559326172,9981.9990234375,3771.2109375
85,B738,generated_centroid,248.76858520507812,10107.7060546875,3771.2109375
86,B738,generated_centroid,248.68470764160156,10169.494140625,1853.642578125
87,B738,generated_centroid,248.714599609375,10231.2822265625,1853.642578125
88,B738,generated_centroid,248.714599609375,10397.16015625,2090.947265625
89,B738,generated_centroid,248.78118896484375,10466.8583984375,2090.947265625
90,B738,generated_centroid,248.84774780273438,10536.556640625,2090.947265625
91,B738,generated_centroid,249.00384521484375,10586.568359375,1500.380859375
92,B738,generated_centroid,249.15933227539062,10636.5810546875,1500.380859375
93,B738,generated_centroid,250.37164306640625,10747.1103515625,1600.224609375
94,B738,generated_centroid,250.87582397460938,10800.451171875,1600.224609375
95,B738,generated_centroid,251.37844848632812,10853.7919921875,1600.224609375
96,B738,generated_centroid,252.15176391601562,10966.8583984375,1509.78515625
97,B738,generated_centroid,252.97064208984375,11017.1845703125,1509.78515625
98,B738,generated_centroid,253.78842163085938,11067.5107421875,1509.78515625
99,B738,generated_centroid,255.0973358154297,11119.44921875,1558.154296875
100,B738,generated_centroid,256.4041442871094,11171.38671875,1558.125
101,B738,generated_centroid,258.8015441894531,11251.947265625,1771.11328125
102,B738,generated_centroid,259.9453125,11310.984375,1771.11328125
103,B738,generated_centroid,261.08709716796875,11370.0205078125,1771.083984375
104,B738,generated_centroid,264.7710266113281,11429.97265625,1190.2734375
105,B738,generated_centroid,266.3742370605469,11469.6484375,1190.2734375
106,B738,generated_centroid,267.97607421875,11509.32421875,1190.2734375
107,B738,generated_centroid,271.0547180175781,11579.1533203125,1883.115234375
108,B738,generated_centroid,272.04107666015625,11641.923828125,1883.115234375
109,B738,generated_centroid,273.0257873535156,11704.693359375,1883.0859375
110,B738,generated_centroid,275.6094055175781,11773.310546875,744.55078125
111,B738,generated_centroid,277.47247314453125,11798.12890625,744.55078125
112,B738,generated_centroid,279.3348083496094,11822.947265625,744.55078125
113,B738,generated_centroid,280.2896728515625,11865.787109375,1285.1953125
114,B738,generated_centroid,281.2431945800781,11908.626953125,1285.1953125
115,B738,generated_centroid,283.4609375,11963.8291015625,1297.08984375
116,B738,generated_centroid,284.36163330078125,12007.0654296875,1297.08984375
117,B738,generated_centroid,285.26177978515625,12050.3017578125,1297.08984375
118,B738,generated_centroid,286.3166809082031,12172.6103515625,1415.654296875
119,B738,generated_centroid,286.6980895996094,12219.798828125,1415.654296875
120,B738,generated_centroid,287.07855224609375,12266.986328125,1415.625
121,B738,generated_centroid,287.53515625,12421.7587890625,1319.765625
122,B738,generated_centroid,287.4730224609375,12465.7509765625,1319.765625
123,B738,generated_centroid,287.4730224609375,12509.7431640625,1319.765625
124,B738,generated_centroid,287.4730224609375,12618.51953125,3263.26171875
125,B738,generated_centroid,287.4730224609375,12727.294921875,3263.26171875
126,B738,generated_centroid,287.4730224609375,12819.8203125,2775.76171875
127,B738,generated_centroid,287.4730224609375,12895.0634765625,2257.294921875
128,B738,generated_centroid,287.4730224609375,15376.689453125,2257.294921875
129,B738,generated_centroid,287.4730224609375,15376.689453125,2346.240234375
130,B738,generated_centroid,287.4730224609375,15376.689453125,2346.240234375
131,B738,generated_centroid,287.1457824707031,15376.689453125,2346.2109375
132,B738,generated_centroid,287.0299377441406,15376.689453125,2549.82421875
133,B738,generated_centroid,286.7826843261719,15376.689453125,2549.82421875
134,B738,generated_centroid,286.5352478027344,15376.689453125,2549.82421875
135,B738,generated_centroid,286.3458557128906,15376.689453125,2224.130859375
136,B738,generated_centroid,286.18365478515625,15376.689453125,2224.130859375
137,B738,generated_centroid,286.02093505859375,15376.689453125,2224.130859375
138,B738,generated_centroid,286.1180419921875,15376.689453125,1750.693359375
139,B738,generated_centroid,286.1180419921875,15376.689453125,1750.693359375
140,B738,generated_centroid,286.1180419921875,15376.689453125,1750.693359375
141,B738,generated_centroid,286.1180419921875,15376.689453125,1574.4140625
142,B738,generated_centroid,286.1180419921875,15376.689453125,1574.4140625
143,B738,generated_centroid,286.1180419921875,15376.689453125,2017.060546875
144,B738,generated_centroid,286.1180419921875,15376.689453125,2017.060546875
145,B738,generated_centroid,286.1180419921875,15376.689453125,2017.08984375
146,B738,generated_centroid,286.1180419921875,15376.689453125,2075.80078125
147,B738,generated_centroid,286.2574768066406,15376.689453125,2075.80078125
148,B738,generated_centroid,286.3968505859375,15376.689453125,2075.80078125
149,B738,generated_centroid,286.9354553222656,15376.689453125,2035.166015625
150,B738,generated_centroid,287.0653991699219,15376.689453125,2035.166015625
151,B738,generated_centroid,287.1943664550781,15376.689453125,2035.1953125
152,B738,generated_centroid,289.0378112792969,15376.689453125,1834.716796875
153,B738,generated_centroid,289.20513916015625,15376.689453125,1834.716796875
154,B738,generated_centroid,289.3719177246094,15376.689453125,1834.74609375
155,B738,generated_centroid,290.0358581542969,15376.689453125,-1.40625
156,B738,generated_centroid,290.6995849609375,15376.689453125,-1.40625
157,B738,generated_centroid,291.0743713378906,15376.689453125,1933.65234375
158,B738,generated_centroid,291.0743713378906,15441.14453125,1933.65234375
159,B738,generated_centroid,291.0743713378906,15505.599609375,1933.65234375
160,B738,generated_centroid,291.0743713378906,15633.8349609375,1902.01171875
161,B738,generated_centroid,291.0743713378906,15697.2353515625,1902.01171875
162,B738,generated_centroid,291.0743713378906,15760.6357421875,1902.01171875
163,B738,generated_centroid,291.0743713378906,15908.4736328125,1912.265625
164,B738,generated_centroid,291.0743713378906,15972.2158203125,1912.265625
165,B738,generated_centroid,291.0743713378906,16035.9580078125,1912.265625
166,B738,generated_centroid,290.56500244140625,16197.7705078125,2459.443359375
167,B738,generated_centroid,290.21337890625,16279.751953125,2459.443359375
168,B738,generated_centroid,289.8617858886719,16361.732421875,2459.4140625
169,B738,generated_centroid,289.6444091796875,16434.412109375,2180.390625
170,B738,generated_centroid,289.4268798828125,16507.091796875,2180.390625
171,B738,generated_centroid,288.71368408203125,16580.806640625,2211.4453125
172,B738,generated_centroid,288.00189208984375,16654.521484375,2211.4453125
173,B738,generated_centroid,287.34051513671875,16754.53125,3000.29296875
174,B738,generated_centroid,286.4774169921875,16857.0625,3075.9375
175,B738,generated_centroid,285.6153564453125,16959.591796875,3075.87890625
176,B738,generated_centroid,285.179931640625,17088.380859375,3238.30078125
177,B738,generated_centroid,284.31072998046875,17196.32421875,3238.30078125
178,B738,generated_centroid,283.4429931640625,17304.267578125,3238.30078125
179,B738,generated_centroid,282.6372375488281,17455.455078125,2544.66796875
180,B738,generated_centroid,282.03955078125,17540.27734375,2544.66796875
181,B738,generated_centroid,281.4429626464844,17625.1015625,2544.7265625
182,B738,generated_centroid,281.2144470214844,17751.02734375,3082.6171875
183,B738,generated_centroid,280.3492126464844,17853.78125,3082.6171875
184,B738,generated_centroid,279.48602294921875,17956.53515625,3082.6171875
185,B738,generated_centroid,279.410888671875,18073.828125,3518.7890625
186,B738,generated_centroid,278.0972900390625,18246.50390625,5180.2734375
187,B738,generated_centroid,276.79632568359375,18419.181640625,1728.10546875
188,B738,generated_centroid,276.79632568359375,18476.78515625,1728.10546875
189,B738,generated_centroid,276.80523681640625,18534.38671875,1728.046875
190,B738,generated_centroid,276.2384338378906,18691.26171875,1838.203125
191,B738,generated_centroid,276.2615661621094,18752.53515625,1838.203125
192,B738,generated_centroid,276.2842102050781,18813.806640625,1838.14453125
193,B738,generated_centroid,276.306396484375,18939.255859375,1989.0234375
194,B738,generated_centroid,276.306396484375,19005.556640625,1989.0234375
195,B738,generated_centroid,276.306396484375,19071.857421875,1989.0234375
196,B738,generated_centroid,276.306396484375,19197.638671875,2131.93359375
197,B738,generated_centroid,276.306396484375,19268.703125,2131.93359375
198,B738,generated_centroid,276.306396484375,19339.76953125,2131.9921875
199,B738,generated_centroid,276.306396484375,19399.53125,1792.8515625
200,B738,generated_centroid,276.5780944824219,19459.294921875,1792.91015625
201,B738,generated_centroid,276.7162170410156,19562.984375,3110.68359375
202,B738,generated_centroid,276.79962158203125,19719.65625,4700.09765625
203,B738,generated_centroid,276.8815612792969,19876.326171875,4700.09765625
204,B738,generated_centroid,277.6749572753906,19966.05859375,2691.97265625
205,B738,generated_centroid,278.1169738769531,20033.91796875,2035.78125
206,B738,generated_centroid,278.557373046875,20101.775390625,2035.72265625
207,B738,generated_centroid,278.7936706542969,20220.296875,1211.42578125
208,B738,generated_centroid,279.43280029296875,20260.677734375,1211.42578125
209,B738,generated_centroid,280.0718688964844,20301.05859375,1211.42578125
210,B738,generated_centroid,280.1230773925781,20424.796875,1125.1171875
211,B738,generated_centroid,280.8585510253906,20462.30078125,1125.1171875
212,B738,generated_centroid,281.593505859375,20499.802734375,1125.05859375
213,B738,generated_centroid,281.80828857421875,20617.38671875,1426.23046875
214,B738,generated_centroid,282.3644104003906,20664.927734375,1426.23046875
215,B738,generated_centroid,283.0032958984375,20712.46875,1426.23046875
216,B738,generated_centroid,283.0032958984375,20827.30859375,3445.1953125
217,B738,generated_centroid,283.0032958984375,21005.294921875,5339.58984375
218,B738,generated_centroid,283.5281066894531,21183.28125,5339.58984375
219,B738,generated_centroid,283.5281066894531,21238.66015625,1661.3671875
220,B738,generated_centroid,283.5281066894531,21294.0390625,1661.3671875
221,B738,generated_centroid,283.5281066894531,21403.162109375,1945.83984375
222,B738,generated_centroid,283.544677734375,21468.0234375,1945.83984375
223,B738,generated_centroid,283.56072998046875,21532.884765625,1945.83984375
224,B738,generated_centroid,283.5497131347656,21598.14453125,1957.79296875
225,B738,generated_centroid,283.5382385253906,21663.40234375,1957.734375
226,B738,generated_centroid,283.53271484375,21778.689453125,1593.69140625
227,B738,generated_centroid,283.575927734375,21831.8125,1593.69140625
228,B738,generated_centroid,283.61822509765625,21884.9375,1593.75
229,B738,generated_centroid,283.65179443359375,21988.857421875,2101.5234375
230,B738,generated_centroid,283.5244140625,22058.908203125,2101.5234375
231,B738,generated_centroid,283.39697265625,22128.958984375,2101.5234375
232,B738,generated_centroid,282.682861328125,22238.916015625,3298.7109375
233,B738,generated_centroid,282.682861328125,22422.83203125,5517.421875
234,B738,generated_centroid,281.7652587890625,22606.74609375,5517.421875
235,B738,generated_centroid,281.7652587890625,22692.61328125,2576.015625
236,B738,generated_centroid,281.7652587890625,22767.6015625,2249.6484375
237,B738,generated_centroid,281.5712890625,22842.58984375,2249.6484375
238,B738,generated_centroid,281.5115051269531,22962.703125,1551.2109375
239,B738,generated_centroid,281.4471130371094,23014.41015625,1551.2109375
240,B738,generated_centroid,281.34100341796875,23066.115234375,1551.15234375
241,B738,generated_centroid,281.34100341796875,23178.322265625,1806.97265625
242,B738,generated_centroid,281.34100341796875,23238.5546875,1806.97265625
243,B738,generated_centroid,281.2867736816406,23298.7890625,1807.03125
244,B738,generated_centroid,281.2826232910156,23351.048828125,1567.79296875
245,B738,generated_centroid,281.2779541015625,23403.30859375,1567.79296875
246,B738,generated_centroid,281.15277099609375,23527.3671875,1831.171875
247,B738,generated_centroid,281.19775390625,23588.40625,1831.171875
248,B738,generated_centroid,281.24224853515625,23649.447265625,1831.23046875
249,B738,generated_centroid,280.7498779296875,23781.265625,3954.55078125
250,B738,generated_centroid,280.258056640625,23913.0859375,2692.734375
251,B738,generated_centroid,280.2840881347656,24002.84375,2692.734375
252,B738,generated_centroid,280.2464294433594,24072.037109375,2075.80078125
253,B738,generated_centroid,280.207763671875,24141.23046875,2075.80078125
254,B738,generated_centroid,280.287841796875,24249.310546875,1501.93359375
255,B738,generated_centroid,280.3115539550781,24299.375,1501.93359375
256,B738,generated_centroid,280.3343505859375,24349.439453125,1501.93359375
257,B738,generated_centroid,280.2594299316406,24453.546875,1764.66796875
258,B738,generated_centroid,280.1556701660156,24512.369140625,1764.66796875
259,B738,generated_centroid,280.05230712890625,24571.19140625,1764.66796875
260,B738,generated_centroid,280.0844421386719,24682.439453125,1508.73046875
261,B738,generated_centroid,279.917236328125,24732.73046875,1508.73046875
262,B738,generated_centroid,279.7499694824219,24783.0234375,1508.7890625
263,B738,generated_centroid,279.8645935058594,24886.33203125,3091.0546875
264,B738,generated_centroid,279.261474609375,24989.3671875,3091.0546875
265,B738,generated_centroid,278.6706237792969,25092.40234375,3091.0546875
266,B738,generated_centroid,278.6706237792969,25138.9921875,1397.6953125
267,B738,generated_centroid,278.199462890625,25185.58203125,1397.6953125
268,B738,generated_centroid,278.199462890625,25292.265625,1457.34375
269,B738,generated_centroid,278.1835632324219,25340.84375,1457.34375
270,B738,generated_centroid,278.1676330566406,25389.421875,1457.34375
271,B738,generated_centroid,277.5185241699219,25541.310546875,1519.04296875
272,B738,generated_centroid,277.45977783203125,25591.9453125,1519.04296875
273,B738,generated_centroid,277.4010314941406,25642.580078125,1519.04296875
274,B738,generated_centroid,276.966796875,25748.138671875,1757.05078125
275,B738,generated_centroid,276.8768615722656,25806.70703125,1757.05078125
276,B738,generated_centroid,276.7868957519531,25865.275390625,1757.05078125
277,B738,generated_centroid,276.5314025878906,26374.70703125,2039.47265625
278,B738,generated_centroid,276.27667236328125,26374.70703125,2039.53125
279,B738,generated_centroid,276.1104736328125,26374.70703125,1871.015625
280,B738,generated_centroid,275.6903076171875,26374.70703125,1871.015625
281,B738,generated_centroid,275.4602966308594,26374.70703125,1870.95703125
282,B738,generated_centroid,275.4602966308594,26374.70703125,1808.73046875
283,B738,generated_centroid,275.4324035644531,26374.70703125,1808.73046875
284,B738,generated_centroid,275.4044494628906,26435.0,1808.7890625
285,B738,generated_centroid,275.3982849121094,26518.423828125,1502.51953125
286,B738,generated_centroid,275.3793640136719,26568.5078125,1502.51953125
287,B738,generated_centroid,275.35992431640625,26618.59375,1502.578125
288,B738,generated_centroid,275.3452453613281,26705.98828125,1347.5390625
289,B738,generated_centroid,275.4522705078125,26750.90625,1347.5390625
290,B738,generated_centroid,275.5596923828125,26795.826171875,1347.59765625
291,B738,generated_centroid,275.46600341796875,26890.447265625,1429.27734375
292,B738,generated_centroid,275.6269226074219,26938.08984375,1429.27734375
293,B738,generated_centroid,275.7872314453125,26985.73046875,1429.21875
294,B738,generated_centroid,275.7683410644531,27076.74609375,1545.703125
295,B738,generated_centroid,275.9800720214844,27128.26953125,1545.703125
296,B738,generated_centroid,276.1916809082031,27179.791015625,1545.64453125
297,B738,generated_centroid,276.3380432128906,27225.376953125,1367.578125
298,B738,generated_centroid,276.4842529296875,27270.962890625,1367.578125
299,B738,generated_centroid,276.82080078125,27339.208984375,1104.9609375
300,B738,generated_centroid,276.8090515136719,27376.041015625,1104.9609375
301,B738,generated_centroid,276.7977294921875,27412.873046875,1104.9609375
302,B738,generated_centroid,276.9333801269531,27501.478515625,1442.05078125
303,B738,generated_centroid,276.94134521484375,27501.478515625,1442.05078125
304,B738,generated_centroid,276.9493713378906,27501.478515625,1442.05078125
305,B738,generated_centroid,277.03271484375,27501.478515625,1323.6328125
306,B738,generated_centroid,277.03271484375,27501.478515625,1323.6328125
307,B738,generated_centroid,277.03271484375,27501.478515625,1470.76171875
308,B738,generated_centroid,277.03271484375,27501.478515625,1470.76171875
309,B738,generated_centroid,277.03271484375,27501.478515625,1470.703125
310,B738,generated_centroid,277.03271484375,27501.478515625,1470.703125
0,B738,flown,163.32494378450247,3283.255656872678,1963.6139142181696
1,B738,flown,165.02458333867705,3368.9520010131714,1988.9080715974333
2,B738,flown,166.39735487348455,3426.080082742318,1910.9300911854111
3,B738,flown,167.9951249795483,3492.7307075312337,1810.4829449510314
4,B738,flown,170.11329021388693,3555.362419790609,1700.5849375211096
5,B738,flown,172.0480718712326,3606.536612872098,1612.622762580209
6,B738,flown,174.2332228606903,3657.8244861774483,1524.9010469436016
7,B738,flown,176.7158962606895,3706.6934131808753,1453.0064167510961
8,B738,flown,179.17558290515288,3753.025522265647,1396.7966806580794
9,B738,flown,181.86016320406046,3799.1722350878895,1356.3466653801
10,B738,flown,184.66223188934978,3844.187724144033,1329.9934320773236
11,B738,flown,187.45338360266058,3887.479766729389,1318.1826731638278
12,B738,flown,190.3276127368411,3931.137405316733,1321.3297695437507
13,B738,flown,193.16870842504224,3974.65087808173,1331.0654508611951
14,B738,flown,196.04286410843997,4018.5566531577174,1354.6756983644523
15,B738,flown,198.9276767980394,4064.406148984415,1388.787957736286
16,B738,flown,201.6382444514431,4110.433311622517,1434.6675158006458
17,B738,flown,204.40165407842156,4159.639087904665,1489.549206349206
18,B738,flown,207.04620617112158,4211.153432117528,1536.0191827085432
19,B738,flown,209.54388200815768,4262.487757514352,1595.3226612630867
20,B738,flown,211.99915510244665,4317.407125970955,1661.3862884160772
21,B738,flown,214.36163715786466,4374.218802769334,1722.0441742654502
22,B738,flown,216.60294177098604,4432.517624957785,1795.3029381965555
23,B738,flown,218.73919910638813,4492.516705263662,1869.7419983596285
24,B738,flown,220.822748335356,4557.082971486465,1940.2145607179054
25,B738,flown,222.69237261996793,4623.530931876295,2006.7402711439197
26,B738,flown,224.5111656330312,4691.408187388431,2066.5155980122568
27,B738,flown,226.22943594954765,4760.839273652717,2121.3203261446447
28,B738,flown,227.85559605836235,4832.204039417187,2167.204284266898
29,B738,flown,229.38135541818144,4904.251760988083,2211.526144642255
30,B738,flown,230.84898321571063,4978.392103295222,2263.689525739377
31,B738,flown,232.2522730263114,5056.000506585608,2328.512182177834
32,B738,flown,233.53422744849735,5134.731208086071,2403.758112606746
33,B738,flown,234.6806151397387,5215.113815916436,2483.132493848602
34,B738,flown,235.72913966110207,5299.1303312105,2556.293298596031
35,B738,flown,236.69533171136425,5385.558812177354,2620.130573647901
36,B738,flown,237.55220556826762,5474.826212991114,2678.5496791624428
37,B738,flown,238.28375158434847,5565.927624595936,2729.459841430662
38,B738,flown,238.98698854817334,5655.439272044519,2772.2860166288715
39,B738,flown,239.60626789643587,5748.4519085411885,2818.551184445409
40,B738,flown,240.17767511107107,5842.538928692045,2849.7451247165554
41,B738,flown,240.73256591710197,5938.039815216865,2882.1494668789487
42,B738,flown,241.23152050013638,6035.447393496408,2904.563979350605
43,B738,flown,241.68729268894913,6131.74766005693,2918.2151203743924
44,B738,flown,242.09913323287515,6226.7985598494715,2928.345288753801
45,B738,flown,242.491337586416,6325.677859796401,2936.9634582911185
46,B738,flown,242.89769477843618,6424.619638635601,2939.960283687944
47,B738,flown,243.26757830294162,6521.392356588027,2942.4297196892935
48,B738,flown,243.62767187794785,6619.1381410720305,2954.9600810537004
49,B738,flown,243.92802624494993,6716.955420466065,2962.716559720815
50,B738,flown,244.21257839066337,6813.374563773498,2969.0684678599573
51,B738,flown,244.50581729235796,6910.697148244641,2970.231343979673
52,B738,flown,244.77377817507,7011.440240990013,2967.650619964295
53,B738,flown,244.99441895341562,7113.013973319827,2964.6789598108776
54,B738,flown,245.2395190074802,7214.517597819269,2952.0139721136707
55,B738,flown,245.44646146424756,7311.940795821872,2943.309268104403
56,B738,flown,245.61260134747496,7406.62740628166,2934.0276933468404
57,B738,flown,245.7742472012485,7502.760951898495,2924.6503208375525
58,B738,flown,245.9317689352755,7601.652876280543,2917.3960148598458
59,B738,flown,246.06244123294974,7699.298027130473,2909.224181019924
60,B738,flown,246.21157841762562,7795.812858831474,2903.2791624451215
61,B738,flown,246.35740285449546,7892.708182563806,2896.204178125154
62,B738,flown,246.47916037322847,7989.503877792254,2891.0154034190514
63,B738,flown,246.60564202541616,8085.366550875666,2882.7217317186924
64,B738,flown,246.7403513877155,8184.640444830415,2870.985979640081
65,B738,flown,246.86088215475704,8279.760065373674,2855.575124234091
66,B738,flown,247.00027515427308,8378.095027017895,2835.2199932455237
67,B738,flown,247.15092391819118,8470.59059439379,2819.431273218505
68,B738,flown,247.278722360567,8571.078816278281,2801.2779466396455
69,B738,flown,247.41539026577996,8666.129263762246,2779.08112124282
70,B738,flown,247.5590393057065,8756.92080378251,2766.202589215356
71,B738,flown,247.6843552324517,8849.151891252954,2748.0782618484754
72,B738,flown,247.85084798893675,8939.952929753465,2728.6738264099986
73,B738,flown,247.99119339037932,9029.408561296865,2711.944883485307
74,B738,flown,248.11556459778313,9119.31041033435,2695.7973657548105
75,B738,flown,248.26278257224308,9209.806019925698,2680.719756838906
76,B738,flown,248.40930176108034,9300.372762580215,2661.725633232012
77,B738,flown,248.5807285297579,9384.129094900365,2645.857480580884
78,B738,flown,248.75558593109443,9478.233704829436,2628.3358324890246
79,B738,flown,248.92877067683327,9565.104342564451,2612.7095800968164
80,B738,flown,249.1111887412702,9649.502912867281,2591.8903330599383
81,B738,flown,249.30790945749487,9734.935711873402,2570.7918753316926
82,B738,flown,249.51639610316073,9818.55550730931,2551.6948521252452
83,B738,flown,249.76819116154772,9902.099164133748,2530.0874029044226
84,B738,flown,249.9934371547284,9987.433209099225,2502.380161142471
85,B738,flown,250.27804869901155,10067.95680151494,2477.6638008394843
86,B738,flown,250.56195185180565,10152.083333333338,2454.8517392772706
87,B738,flown,250.8504374363867,10231.983644521637,2425.6186809475566
88,B738,flown,251.1695270427536,10311.512037439083,2391.18776475129
89,B738,flown,251.51976093734362,10389.17601437737,2361.959801225453
90,B738,flown,251.92910600749312,10468.518267235979,2331.63660925363
91,B738,flown,252.35925600295613,10546.569360013507,2305.1445554108154
92,B738,flown,252.79264255690114,10621.609253630537,2274.867448255899
93,B738,flown,253.28229275679163,10695.61275751435,2256.833772374199
94,B738,flown,253.7798323079093,10767.157210401881,2229.286862546437
95,B738,flown,254.2870106083834,10839.838314758543,2200.8283687943267
96,B738,flown,254.81486921589087,10912.749915569053,2174.4055579678675
97,B738,flown,255.3869970368914,10987.952157813463,2147.7453755970478
98,B738,flown,256.0093192393019,11059.181713465523,2122.671298306557
99,B738,flown,256.6290921811445,11127.47533410528,2107.602257924446
100,B738,flown,257.24928032820833,11196.626350894972,2093.355333622814
101,B738,flown,257.8619201446111,11267.066658223559,2084.589955130987
102,B738,flown,258.5055794981255,11337.457558377968,2079.667293867903
103,B738,flown,259.1041232839389,11404.633750663384,2073.595985912095
104,B738,flown,259.7107896743786,11470.448569498722,2067.5296955661706
105,B738,flown,260.37354472462,11544.334231919707,2061.0609157138038
106,B738,flown,260.97723300190927,11612.5675950049,2054.3974654637273
107,B738,flown,261.5788917742477,11682.425298724691,2051.6640388543133
108,B738,flown,262.1873971867998,11749.535227802711,2049.0844212862476
109,B738,flown,262.74952287235504,11815.322405557965,2052.1093452984023
110,B738,flown,263.3633862486414,11889.873564674104,2055.0811212428216
111,B738,flown,263.95100291095287,11959.630825734543,2060.067274569402
112,B738,flown,264.5539422044102,12027.916033434649,2064.9888551165136
113,B738,flown,265.1669204767689,12097.546708399675,2071.2879625609107
114,B738,flown,265.7415986545952,12166.018779852368,2078.6629227577564
115,B738,flown,266.3276970306662,12233.126040309739,2081.420292372267
116,B738,flown,266.84801580710547,12300.353554542371,2088.668963188113
117,B738,flown,267.4113096626526,12367.939990712586,2095.8000675447497
118,B738,flown,267.98931814802575,12438.534701114482,2101.5970280310694
119,B738,flown,268.5097610741425,12511.924181019927,2112.2145221209034
120,B738,flown,269.0443658413481,12580.601148260715,2122.1933130699085
121,B738,flown,269.5479544505636,12650.544579533927,2132.293144208039
122,B738,flown,270.04854008179024,12725.81581391422,2145.808037825058
123,B738,flown,270.56673630028075,12799.056695373174,2159.989733198244
124,B738,flown,271.0554288069373,12870.873860182368,2173.1587977034774
125,B738,flown,271.5319914889376,12944.043186423516,2185.1255656872704
126,B738,flown,271.9742356907011,13016.729567713597,2203.70901722391
127,B738,flown,272.3877669300941,13091.922281323885,2220.421749408984
128,B738,flown,272.7699006778853,13167.32776089159,2235.6749746707183
129,B738,flown,273.1768104789259,13242.2357311719,2244.0056737588634
130,B738,flown,273.56848030402006,13316.891886187104,2257.079094900372
131,B738,flown,273.94095693736205,13390.531914893616,2263.7206349206367
132,B738,flown,274.30820206205885,13464.697888020455,2268.103658673874
133,B738,flown,274.6684909854915,13539.989747672114,2273.114398288867
134,B738,flown,274.994455693526,13613.137393255196,2276.6153262250523
135,B738,flown,275.36701047917427,13688.402566700426,2283.0336469339513
136,B738,flown,275.696141567783,13762.894714623439,2296.596863993823
137,B738,flown,275.98990261924433,13837.101908139135,2308.7881121242826
138,B738,flown,276.2967669779801,13915.604314420794,2313.167713610267
139,B738,flown,276.57417595034025,13993.682786944562,2321.417359000339
140,B738,flown,276.85990767555353,14070.066308438258,2326.744748395809
141,B738,flown,277.14475932536743,14148.02612534375,2331.2826747720364
142,B738,flown,277.4162832724274,14222.594562647746,2334.289188015632
143,B738,flown,277.69293241300187,14301.689040864576,2333.4851739277274
144,B738,flown,277.94459648992586,14379.985405509711,2332.5745935253553
145,B738,flown,278.17975761850437,14456.821537125486,2333.123211270324
146,B738,flown,278.4665839403879,14533.095238095217,2331.577401457041
147,B738,flown,278.7021643879802,14616.607414242304,2332.915713803254
148,B738,flown,278.9242290178494,14692.828436339081,2336.3256814782635
149,B738,flown,279.1753029265016,14768.417553191495,2340.8182177835643
150,B738,flown,279.4035257163985,14847.589144996064,2346.4908702015114
151,B738,flown,279.6319871630747,14926.094446052633,2347.9233592254836
152,B738,flown,279.85012291336074,15001.290416284717,2346.9080265676007
153,B738,flown,280.05909599128415,15079.851121663427,2345.660381541233
154,B738,flown,280.2801819103184,15158.05842404246,2343.6700629551706
155,B738,flown,280.4948309982885,15233.090805471122,2341.807227288078
156,B738,flown,280.7089119353568,15313.069713973966,2343.5633491803683
157,B738,flown,280.93985271104196,15390.406161509887,2340.9122697633316
158,B738,flown,281.15386315194434,15468.472774270633,2336.973392564883
159,B738,flown,281.34699256518064,15547.280901722394,2330.6000482462496
160,B738,flown,281.53137692057464,15626.810802335127,2327.5644714623445
161,B738,flown,281.7500042182363,15703.652060114813,2330.3923191971803
162,B738,flown,281.95889703396205,15780.579226371397,2335.174410189607
163,B738,flown,282.16853043749654,15861.987866068417,2333.209205384282
164,B738,flown,282.37739828767576,15939.911136440389,2334.777710233033
165,B738,flown,282.5481134513101,16018.845527572723,2336.8376320741054
166,B738,flown,282.73944499519496,16098.619162203897,2340.416448754445
167,B738,flown,282.93682992714116,16176.804258937611,2343.7485276853054
168,B738,flown,283.1131485226071,16254.444323828804,2348.6594039980077
169,B738,flown,283.29411622387755,16332.032463694688,2358.6027114391836
170,B738,flown,283.4673382630719,16411.503684807263,2363.900921503352
171,B738,flown,283.6238301198121,16490.21777150576,2367.4862739422006
172,B738,flown,283.80335366680316,16566.690458098128,2374.323809523808
173,B738,flown,283.95132389601224,16644.162626043326,2376.2621508177745
174,B738,flown,284.09856296744965,16722.457573454903,2381.1022145028232
175,B738,flown,284.243128597622,16800.17646065519,2378.9406281661613
176,B738,flown,284.3823758555274,16879.624402952675,2377.281497563563
177,B738,flown,284.520404778662,16958.387127900816,2377.325343754522
178,B738,flown,284.6256455905749,17037.03642390763,2376.867017256075
179,B738,flown,284.7232922143554,17115.821412489342,2379.887206703014
180,B738,flown,284.8445543995018,17194.241810199255,2377.4830510927786
181,B738,flown,284.94088026804275,17271.54029164858,2377.328585902443
182,B738,flown,285.0490051429525,17350.320747093163,2379.284218651999
183,B738,flown,285.1393521413471,17430.170460027995,2379.318415593188
184,B738,flown,285.219660538611,17510.04206469821,2379.937279876488
185,B738,flown,285.2979231470183,17590.31271107734,2377.9899068847394
186,B738,flown,285.38055742194814,17669.03670059256,2375.2164177598843
187,B738,flown,285.4502108173585,17750.412598630664,2368.899604819363
188,B738,flown,285.51532372065304,17828.132003929866,2364.7127286762543
189,B738,flown,285.58071657615983,17904.414250790596,2361.962552138844
190,B738,flown,285.64706102454994,17982.224585191907,2358.2179718738967
191,B738,flown,285.70703987983467,18059.487862413393,2358.4052936369076
192,B738,flown,285.7491130758316,18137.602543381425,2356.9307151702315
193,B738,flown,285.77506832659606,18217.392018864277,2352.892362618809
194,B738,flown,285.8314884593218,18294.90406534956,2346.7496888116953
195,B738,flown,285.8811761429497,18371.49840787378,2339.371216287935
196,B738,flown,285.92419264075613,18449.57410623825,2332.6501664495604
197,B738,flown,285.96527675680613,18525.993138981357,2327.0402984834614
198,B738,flown,286.01062072633346,18603.229111384502,2322.097489586852
199,B738,flown,286.0639332338511,18680.7780045717,2318.900717699502
200,B738,flown,286.1025834456155,18756.08612083346,2314.873544242543
201,B738,flown,286.1421445121473,18833.20173620705,2314.162049500652
202,B738,flown,286.1828021319181,18909.756915661168,2313.8993302543463
203,B738,flown,286.2225955412181,18984.798401952674,2310.078571209271
204,B738,flown,286.2342167043053,19062.71485754199,2301.324238476821
205,B738,flown,286.26727302559345,19137.750529612207,2293.727815716872
206,B738,flown,286.30503843669004,19215.032646628402,2282.84192277384
207,B738,flown,286.3295065849409,19290.038556793887,2275.9872115276366
208,B738,flown,286.3659506897068,19362.00305358549,2271.9801868738045
209,B738,flown,286.4111868841364,19440.481608127913,2266.141078464483
210,B738,flown,286.4496794917661,19521.849530001127,2258.7907688843834
211,B738,flown,286.50272708823553,19601.072061803417,2250.859651662084
212,B738,flown,286.55517567288683,19677.76366574999,2239.459642012834
213,B738,flown,286.62009560288544,19751.909958427826,2230.2002476640782
214,B738,flown,286.68544168036755,19829.67922777857,2222.435020343834
215,B738,flown,286.74333364376713,19903.028477348398,2211.3081873884303
216,B738,flown,286.79719645086976,19974.06204769143,2205.600810536981
0,B738,flown_centroid,161.59152637209223,3062.5,2688.0
1,B738,flown_centroid,161.59152637209223,3212.5,2688.0
2,B738,flown_centroid,161.59152637209223,3281.25,2485.333333333333
3,B738,flown_centroid,161.59152637209223,3350.0,2282.6666666666665
4,B738,flown_centroid,161.59152637209223,3425.0,1893.3333333333333
5,B738,flown_centroid,163.47666377510134,3500.0,1504.0
6,B738,flown_centroid,166.00420007799823,3537.5,1344.0
7,B738,flown_centroid,168.52923850448607,3575.0,1184.0
8,B738,flown_centroid,171.09368764182955,3595.833333333333,1082.6666666666667
9,B738,flown_centroid,173.65687180097683,3616.6666666666665,981.3333333333334
10,B738,flown_centroid,183.48912104101709,3675.0,912.0
11,B738,flown_centroid,186.986290208943,3700.0,912.0
12,B738,flown_centroid,190.48153150813545,3725.0,1024.0
13,B738,flown_centroid,192.67716834220982,3746.875,1136.0
14,B738,flown_centroid,194.8716715518389,3768.75,1248.0
15,B738,flown_centroid,198.3442427008004,3813.541666666667,1285.3333333333335
16,B738,flown_centroid,201.8130018405026,3858.3333333333335,1221.3333333333335
17,B738,flown_centroid,205.7699883012446,3910.416666666667,1221.3333333333335
18,B738,flown_centroid,209.7219816263226,3962.5,1120.0
19,B738,flown_centroid,212.13381426173137,3987.5,1064.0
20,B738,flown_centroid,214.54427840364406,4012.5,1493.3333333333333
21,B738,flown_centroid,220.08393733474287,4083.3333333333335,1493.3333333333333
22,B738,flown_centroid,222.7548040546743,4160.416666666667,1994.6666666666665
23,B738,flown_centroid,225.420188623415,4237.5,2496.0
24,B738,flown_centroid,226.17042844195632,4296.875,2656.0
25,B738,flown_centroid,226.91928405288695,4356.25,2784.0
26,B738,flown_centroid,227.5074743645717,4428.125,2784.0
27,B738,flown_centroid,228.0942201972508,4500.0,2752.0
28,B738,flown_centroid,228.89963963639914,4600.0,2538.666666666667
29,B738,flown_centroid,229.7022971086272,4700.0,2325.3333333333335
30,B738,flown_centroid,231.6456415212579,4762.5,2090.666666666667
31,B738,flown_centroid,233.58575916351515,4825.0,2016.0
32,B738,flown_centroid,237.20863542454913,4931.25,2016.0
33,B738,flown_centroid,238.10262864861573,5011.458333333334,2352.0
34,B738,flown_centroid,238.9943519542855,5091.666666666667,2688.0
35,B738,flown_centroid,239.84379564298868,5183.333333333334,2880.0
36,B738,flown_centroid,240.6906683984856,5275.0,3072.0
37,B738,flown_centroid,241.17797563258003,5368.75,3072.0
38,B738,flown_centroid,241.6634914343611,5462.5,3072.0
39,B738,flown_centroid,241.8143432748585,5518.75,3072.0
40,B738,flown_centroid,241.96475295045255,5575.0,3072.0
41,B738,flown_centroid,242.54065693794817,5675.0,3168.0
42,B738,flown_centroid,243.11437932355526,5775.0,3264.0
43,B738,flown_centroid,244.24102146908191,6043.75,3352.0
44,B738,flown_centroid,244.35306097849244,6109.375,3352.0
45,B738,flown_centroid,244.46460370864528,6175.0,3328.0
46,B738,flown_centroid,244.5230134294028,6287.5,3264.0
47,B738,flown_centroid,244.5803515463279,6400.0,3224.0
48,B738,flown_centroid,245.61411124887448,6528.125,3224.0
49,B738,flown_centroid,246.40244721212136,6656.25,3248.0
50,B738,flown_centroid,246.40244721212136,6740.625,3320.0
51,B738,flown_centroid,246.40244721212136,6825.0,3392.0
52,B738,flown_centroid,246.40244721212136,6912.5,3424.0
53,B738,flown_centroid,246.085614555496,7000.0,3392.0
54,B738,flown_centroid,246.18219166881832,7225.0,3392.0
55,B738,flown_centroid,246.22890040724047,7337.5,3360.0
56,B738,flown_centroid,246.27455857237655,7450.0,3328.0
57,B738,flown_centroid,246.0021037785564,7525.0,3296.0
58,B738,flown_centroid,246.22623154482972,7600.0,3264.0
59,B738,flown_centroid,246.22623154482972,7712.5,3040.0
60,B738,flown_centroid,246.72033370175774,7825.0,2816.0
61,B738,flown_centroid,247.75481797050008,7912.5,2784.0
62,B738,flown_centroid,248.78651618329494,8000.0,2976.0
63,B738,flown_centroid,249.20206892078826,8100.0,2976.0
64,B738,flown_centroid,249.20206892078826,8200.0,3200.0
65,B738,flown_centroid,249.20206892078826,8375.0,3496.0
66,B738,flown_centroid,249.22637033465688,8459.375,3496.0
67,B738,flown_centroid,249.25009472415127,8543.75,3472.0
68,B738,flown_centroid,248.8415323821841,8684.375,3400.0
69,B738,flown_centroid,248.43303191448445,8825.0,3328.0
70,B738,flown_centroid,248.55504600015772,8912.5,3232.0
71,B738,flown_centroid,248.67621944225667,9000.0,3160.0
72,B738,flown_centroid,248.7665486373022,9065.625,3160.0
73,B738,flown_centroid,248.8564062555573,9131.25,3184.0
74,B738,flown_centroid,247.98856892644287,9425.0,3456.0
75,B738,flown_centroid,247.1299391697631,9537.5,3584.0
76,B738,flown_centroid,246.27300721711848,9650.0,3712.0
77,B738,flown_centroid,245.33552753925645,9725.0,3784.0
78,B738,flown_centroid,244.39960986498147,9800.0,3856.0
79,B738,flown_centroid,243.4151288119096,9918.75,3904.0
80,B738,flown_centroid,243.81665660266503,10037.5,3864.0
81,B738,flown_centroid,243.81665660266503,10193.75,3864.0
82,B738,flown_centroid,243.81665660266503,10350.0,3776.0
83,B738,flown_centroid,243.81665660266503,10425.0,3656.0
84,B738,flown_centroid,243.81665660266503,10500.0,3536.0
85,B738,flown_centroid,243.81665660266503,10718.75,3120.0
86,B738,flown_centroid,243.81665660266503,10834.375,2680.0
87,B738,flown_centroid,243.81665660266503,10950.0,2240.0
88,B738,flown_centroid,243.81665660266503,10996.875,1952.0
89,B738,flown_centroid,245.26719193853594,11043.75,1664.0
90,B738,flown_centroid,246.979277930467,11078.125,1448.0
91,B738,flown_centroid,248.69026647342065,11112.5,1232.0
92,B738,flown_centroid,251.12206382274925,11156.25,1128.0
93,B738,flown_centroid,253.5520416898768,11200.0,1024.0
94,B738,flown_centroid,254.74231567902083,11228.125,1024.0
95,B738,flown_centroid,255.9319295640414,11256.25,1024.0
96,B738,flown_centroid,258.52545811753424,11312.5,1024.0
97,B738,flown_centroid,260.01295003871684,11346.875,1048.0
98,B738,flown_centroid,261.49946526199284,11381.25,1072.0
99,B738,flown_centroid,262.660759748947,11415.625,1080.0
100,B738,flown_centroid,263.8212060155023,11450.0,1088.0
101,B738,flown_centroid,264.73981049225443,11490.625,1208.0
102,B738,flown_centroid,265.6575028827619,11531.25,1328.0
103,B738,flown_centroid,266.3709348520905,11568.75,1440.0
104,B738,flown_centroid,267.08367908166264,11606.25,1552.0
105,B738,flown_centroid,267.6691992188291,11657.291666666668,1618.6666666666665
106,B738,flown_centroid,268.2538264967726,11708.333333333334,1680.0
107,B738,flown_centroid,269.5720917669975,11843.75,1680.0
108,B738,flown_centroid,269.8627953091109,11878.125,1672.0
109,B738,flown_centroid,270.1531704967319,11912.5,1664.0
110,B738,flown_centroid,270.40497972001884,11956.25,1664.0
111,B738,flown_centroid,270.656372335615,12000.0,1664.0
112,B738,flown_centroid,270.8852566798715,12066.666666666668,1664.0
113,B738,flown_centroid,271.1134137761068,12133.333333333334,1664.0
114,B738,flown_centroid,271.28325402449286,12179.166666666668,1664.0
115,B738,flown_centroid,271.4527368760825,12225.0,1664.0
116,B738,flown_centroid,271.7018237266437,12268.75,1664.0
117,B738,flown_centroid,271.90694174991995,12312.5,1664.0
118,B738,flown_centroid,271.90694174991995,12433.333333333334,1664.0
119,B738,flown_centroid,271.90694174991995,12479.166666666668,1648.0
120,B738,flown_centroid,271.9319781478141,12525.0,1632.0
121,B738,flown_centroid,272.17884136012276,12568.75,1616.0
122,B738,flown_centroid,272.42529352336766,12612.5,1600.0
123,B738,flown_centroid,272.6713351157917,12656.25,1600.0
124,B738,flown_centroid,272.9169666152221,12700.0,1600.0
125,B738,flown_centroid,272.9405469384717,12745.833333333332,1600.0
126,B738,flown_centroid,272.96393113416605,12791.666666666666,1600.0
127,B738,flown_centroid,272.926768649116,12852.083333333332,1600.0
128,B738,flown_centroid,272.88936854669095,12912.5,1600.0
129,B738,flown_centroid,272.9519328492617,13000.0,1600.0
130,B738,flown_centroid,272.7793420944697,13041.666666666668,1600.0
131,B738,flown_centroid,272.60679830491864,13083.333333333334,1600.0
132,B738,flown_centroid,272.3394482865826,13147.916666666668,1584.0
133,B738,flown_centroid,272.668090616213,13212.5,1568.0
134,B738,flown_centroid,272.668090616213,13262.5,1536.0
135,B738,flown_centroid,272.668090616213,13312.5,1528.0
136,B738,flown_centroid,272.668090616213,13343.75,1528.0
137,B738,flown_centroid,272.668090616213,13375.0,1552.0
138,B738,flown_centroid,273.32387314322966,13437.5,1789.3333333333335
139,B738,flown_centroid,273.9784193312056,13500.0,2026.6666666666667
140,B738,flown_centroid,274.7933557045157,13675.0,2688.0
141,B738,flown_centroid,274.86052051089126,13734.375,2792.0
142,B738,flown_centroid,274.92730007112846,13793.75,2888.0
143,B738,flown_centroid,274.9677147109653,13892.708333333332,2888.0
144,B738,flown_centroid,275.00723224271184,13991.666666666666,2880.0
145,B738,flown_centroid,275.05889173972116,14095.833333333332,2752.0
146,B738,flown_centroid,275.10953249209206,14200.0,2624.0
147,B738,flown_centroid,275.3043873616924,14253.125,2552.0
148,B738,flown_centroid,275.4987639371061,14306.25,2480.0
149,B738,flown_centroid,276.5889800755733,14443.75,2493.333333333333
150,B738,flown_centroid,277.0912403930951,14538.541666666668,2493.333333333333
151,B738,flown_centroid,277.59165169884915,14633.333333333334,2538.6666666666665
152,B738,flown_centroid,277.9362003110292,14707.291666666668,2597.333333333333
153,B738,flown_centroid,278.2797009409079,14781.25,2656.0
154,B738,flown_centroid,278.3886315047641,14853.125,2728.0
155,B738,flown_centroid,278.46862587417235,14925.0,2800.0
156,B738,flown_centroid,278.46862587417235,15033.333333333332,2872.0
157,B738,flown_centroid,278.46862587417235,15141.666666666666,2912.0
158,B738,flown_centroid,278.46890626213934,15230.208333333332,2912.0
159,B738,flown_centroid,278.46853702774587,15318.75,2880.0
160,B738,flown_centroid,278.08989617262307,15481.25,2800.0
161,B738,flown_centroid,278.08989617262307,15561.458333333332,2800.0
162,B738,flown_centroid,278.08989617262307,15641.666666666666,2880.0
163,B738,flown_centroid,278.08989617262307,15736.458333333332,2952.0
164,B738,flown_centroid,278.08989617262307,15831.25,3024.0
165,B738,flown_centroid,278.08989617262307,15934.375,3040.0
166,B738,flown_centroid,277.64669822108226,16037.5,3016.0
167,B738,flown_centroid,277.3999772668768,16118.75,3016.0
168,B738,flown_centroid,277.15322007807237,16200.0,2976.0
169,B738,flown_centroid,277.1373537561979,16275.0,2928.0
170,B738,flown_centroid,277.12104884538894,16350.0,3152.0
171,B738,flown_centroid,276.86026783148696,16600.0,3152.0
172,B738,flown_centroid,276.34209995092635,16696.875,3264.0
173,B738,flown_centroid,275.8244735720477,16793.75,3352.0
174,B738,flown_centroid,275.23895053187044,16859.375,3352.0
175,B738,flown_centroid,274.6541292119202,16925.0,3328.0
176,B738,flown_centroid,274.17995122809134,17059.375,3152.0
177,B738,flown_centroid,273.70592016948797,17193.75,2976.0
178,B738,flown_centroid,273.647157194306,17278.125,2928.0
179,B738,flown_centroid,273.58792531758127,17362.5,2880.0
180,B738,flown_centroid,273.34718419129723,17418.75,2880.0
181,B738,flown_centroid,273.1065341597299,17475.0,2880.0
182,B738,flown_centroid,273.05283502445855,17675.0,2912.0
183,B738,flown_centroid,272.6247039562461,17775.0,2912.0
184,B738,flown_centroid,272.1968620064585,17875.0,2880.0
185,B738,flown_centroid,272.16833138451653,17975.0,2848.0
186,B738,flown_centroid,272.4061982044519,18075.0,2816.0
187,B738,flown_centroid,272.4061982044519,18137.5,2752.0
188,B738,flown_centroid,272.4061982044519,18200.0,2688.0
189,B738,flown_centroid,272.4061982044519,18287.5,2624.0
190,B738,flown_centroid,272.4061982044519,18375.0,2560.0
191,B738,flown_centroid,272.4061982044519,18462.5,2464.0
192,B738,flown_centroid,272.4061982044519,18550.0,2368.0
193,B738,flown_centroid,272.4061982044519,18650.0,2176.0
194,B738,flown_centroid,272.4061982044519,18706.25,2128.0
195,B738,flown_centroid,272.75690609786466,18762.5,2096.0
196,B738,flown_centroid,273.73477824412487,18856.25,2096.0
197,B738,flown_centroid,274.7100166212378,18950.0,2112.0
198,B738,flown_centroid,274.88720687543383,19000.0,2144.0
199,B738,flown_centroid,275.0639808867069,19050.0,2176.0
200,B738,flown_centroid,275.1146180690809,19106.25,2200.0
201,B738,flown_centroid,275.1649192356727,19162.5,2224.0
202,B738,flown_centroid,275.69588514465624,19243.75,2264.0
203,B738,flown_centroid,276.2253473801799,19325.0,2304.0
204,B738,flown_centroid,276.2440354030439,19500.0,2304.0
205,B738,flown_centroid,276.3737126175945,19537.5,2304.0
206,B738,flown_centroid,276.5031585693057,19575.0,2304.0
207,B738,flown_centroid,276.5518394662457,19653.125,2328.0
208,B738,flown_centroid,276.59991052650616,19731.25,2352.0
209,B738,flown_centroid,276.7175786790469,19815.625,2424.0
210,B738,flown_centroid,276.8344058459993,19900.0,2472.0
211,B738,flown_centroid,276.9206251981573,19946.875,2472.0
212,B738,flown_centroid,277.0065623036369,19993.75,2448.0
213,B738,flown_centroid,277.03796294471033,20075.0,2392.0
214,B738,flown_centroid,277.0687398646814,20156.25,2336.0
215,B738,flown_centroid,277.18442838303076,20350.0,2352.0
216,B738,flown_centroid,277.2267043589194,20406.25,2352.0
217,B738,flown_centroid,277.2686533431654,20462.5,2400.0
218,B738,flown_centroid,277.32407728672547,20537.5,2440.0
219,B738,flown_centroid,277.3789213947624,20612.5,2480.0
220,B738,flown_centroid,277.43318651332567,20687.5,2488.0
221,B738,flown_centroid,277.4868734874713,20762.5,2474.666666666667
222,B738,flown_centroid,277.24116250023906,20839.583333333336,2474.666666666667
223,B738,flown_centroid,276.9954272751467,20916.666666666668,2453.3333333333335
224,B738,flown_centroid,276.89802841397784,21068.75,2384.0
225,B738,flown_centroid,276.9633900301713,21140.625,2376.0
226,B738,flown_centroid,277.028197508794,21212.5,2389.333333333333
227,B738,flown_centroid,277.0743660644325,21281.25,2389.333333333333
228,B738,flown_centroid,277.1200536957861,21350.0,2410.6666666666665
229,B738,flown_centroid,277.1316381817405,21440.625,2421.333333333333
230,B738,flown_centroid,277.142492763008,21531.25,2408.0
231,B738,flown_centroid,276.9315152994084,21600.0,2408.0
232,B738,flown_centroid,277.17379503074767,21668.75,2384.0
233,B738,flown_centroid,277.17379503074767,21715.625,2344.0
234,B738,flown_centroid,277.17379503074767,21762.5,2304.0
235,B738,flown_centroid,277.17379503074767,21941.666666666668,2157.333333333333
236,B738,flown_centroid,277.17379503074767,22008.333333333336,2157.333333333333
237,B738,flown_centroid,277.57273760697257,22075.0,2160.0
238,B738,flown_centroid,277.53864416117784,22125.0,2184.0
239,B738,flown_centroid,277.5043766943952,22175.0,2208.0
240,B738,flown_centroid,277.6179492583963,22262.5,2224.0
241,B738,flown_centroid,277.73062965060336,22350.0,2216.0
242,B738,flown_centroid,277.9021141560136,22431.25,2216.0
243,B738,flown_centroid,278.0727094756075,22512.5,2192.0
244,B738,flown_centroid,278.1593503926571,22556.25,2168.0
245,B738,flown_centroid,278.24573886909633,22600.0,2144.0
246,B738,flown_centroid,278.45013021548715,22750.0,2136.0
247,B738,flown_centroid,278.53402895729494,22821.875,2136.0
248,B738,flown_centroid,278.6173402000621,22893.75,2160.0
249,B738,flown_centroid,278.49939722534396,22940.625,2168.0
250,B738,flown_centroid,278.3814024736094,22987.5,2176.0
251,B738,flown_centroid,278.28668279794636,23050.0,2176.0
252,B738,flown_centroid,278.191770109378,23112.5,2176.0
253,B738,flown_centroid,278.26208414562706,23193.75,2176.0
254,B738,flown_centroid,278.33169249247896,23275.0,2176.0
255,B738,flown_centroid,278.36072843103176,23337.5,2160.0
256,B738,flown_centroid,278.3893827113758,23400.0,2144.0
257,B738,flown_centroid,278.57023198177325,23525.0,2048.0
258,B738,flown_centroid,278.6734608203373,23570.833333333336,1994.6666666666665
259,B738,flown_centroid,278.776400365907,23616.666666666668,1941.3333333333333
260,B738,flown_centroid,278.88016786030005,23689.583333333336,1898.6666666666665
261,B738,flown_centroid,278.98329947106026,23762.5,1888.0
262,B738,flown_centroid,279.0997105350162,23818.75,1888.0
263,B738,flown_centroid,279.21569843909026,23875.0,1920.0
264,B738,flown_centroid,279.3095512652257,23915.625,1960.0
265,B738,flown_centroid,279.4031748900889,23956.25,2000.0
266,B738,flown_centroid,279.35363142659077,24028.125,2024.0
267,B738,flown_centroid,279.3037231452236,24100.0,1984.0
268,B738,flown_centroid,279.1020714083388,24262.5,1984.0
269,B738,flown_centroid,279.1020714083388,24306.25,1960.0
270,B738,flown_centroid,279.2722945681077,24350.0,1970.6666666666665
271,B738,flown_centroid,279.68393991982083,24408.333333333336,1970.6666666666665
272,B738,flown_centroid,279.97740869822746,24466.666666666668,2005.3333333333333
273,B738,flown_centroid,279.97740869822746,24545.833333333336,2010.6666666666665
274,B738,flown_centroid,279.85967997141034,24625.0,1992.0
275,B738,flown_centroid,279.7219976434747,24675.0,1992.0
276,B738,flown_centroid,279.5842687036648,24725.0,1968.0
277,B738,flown_centroid,279.7086958141738,24778.125,1936.0
278,B738,flown_centroid,279.83272969654695,24831.25,1904.0
279,B738,flown_centroid,280.00639071813913,24966.666666666668,1898.6666666666665
280,B738,flown_centroid,280.10807696202846,25017.708333333336,1898.6666666666665
281,B738,flown_centroid,280.2094195170056,25068.75,1920.0
282,B738,flown_centroid,280.2684403013194,25115.625,1920.0
283,B738,flown_centroid,280.32720590635813,25162.5,1920.0
284,B738,flown_centroid,280.09305611361253,25239.583333333336,1920.0
285,B738,flown_centroid,279.8588379162255,25316.666666666668,1920.0
286,B738,flown_centroid,279.92970790740196,25373.958333333336,1912.0
287,B738,flown_centroid,280.0001983104048,25431.25,1904.0
288,B738,flown_centroid,280.105621208315,25487.5,1872.0
289,B738,flown_centroid,280.21063483214834,25543.75,1840.0
290,B738,flown_centroid,280.535530912127,25631.25,1832.0
291,B738,flown_centroid,280.5916932504504,25678.125,1832.0
292,B738,flown_centroid,280.390161343235,25725.0,1856.0
293,B738,flown_centroid,280.390161343235,25800.0,1880.0
294,B738,flown_centroid,280.1327122963608,25875.0,1856.0
295,B738,flown_centroid,280.2498593111086,25928.125,1856.0
296,B738,flown_centroid,280.36662204709444,25981.25,1808.0
297,B738,flown_centroid,279.8353149789765,26028.125,1736.0
298,B738,flown_centroid,279.8353149789765,26075.0,1904.0
299,B738,flown_centroid,279.8353149789765,26212.5,1904.0
300,B738,flown_centroid,279.52997490151,26278.125,1968.0
301,B738,flown_centroid,279.2247766579242,26343.75,2008.0
302,B738,flown_centroid,279.0940208528576,26371.875,2008.0
303,B738,flown_centroid,278.96329112394295,26400.0,1984.0
304,B738,flown_centroid,278.6728740120907,26462.5,1888.0
305,B738,flown_centroid,278.3825857906214,26525.0,1800.0
306,B738,flown_centroid,278.1245840272221,26600.0,1800.0
307,B738,flown_centroid,277.8665776123053,26675.0,1808.0
308,B738,flown_centroid,277.96268140208,26712.5,1832.0
309,B738,flown_centroid,278.0585836284089,26750.0,1792.0
310,B738,flown_centroid,277.84813846441034,26875.0,1792.0
311,B738,flown_centroid,277.84813846441034,26950.0,1768.0
312,B738,flown_centroid,277.49945603956877,27025.0,1768.0
313,B738,flown_centroid,277.3251849163279,27062.5,1768.0
314,B738,flown_centroid,277.15096054291246,27100.0,1760.0
315,B738,flown_centroid,277.27691711012375,27150.0,1760.0
316,B738,flown_centroid,277.40251790528475,27200.0,1728.0
317,B738,flown_centroid,277.2761358304601,27265.625,1704.0
318,B738,flown_centroid,277.14957668942947,27331.25,1704.0
319,B738,flown_centroid,277.46738458373466,27378.125,1704.0
320,B738,flown_centroid,277.4348865449243,27425.0,1728.0
321,B738,flown_centroid,277.4348865449243,27500.0,1728.0
322,B738,flown_centroid,277.14350295183243,27562.5,1728.0
323,B738,flown_centroid,277.27297343739247,27625.0,1728.0
324,B738,flown_centroid,277.27297343739247,27687.5,1696.0
325,B738,flown_centroid,277.69286145874327,27750.0,1664.0
326,B738,flown_centroid,277.4591268334015,27800.0,1600.0
327,B738,flown_centroid,277.22547623697943,27850.0,1536.0
328,B738,flown_centroid,277.0940847193472,27878.125,1512.0
329,B738,flown_centroid,277.395106462752,27906.25,1512.0
330,B738,flown_centroid,277.395106462752,27965.625,1512.0
331,B738,flown_centroid,277.82671545618604,27965.625,1536.0
332,B738,flown_centroid,277.3581873430262,27965.625,1728.0
333,B738,flown_centroid,277.4481329698254,27965.625,1728.0
334,B738,flown_centroid,277.5378825022556,27965.625,1728.0
335,B738,flown_centroid,277.6572438243816,27965.625,1704.0
336,B738,flown_centroid,277.7762572888835,27965.625,1680.0
337,B738,flown_centroid,277.9245356005997,27965.625,1576.0
338,B738,flown_centroid,278.0722718973578,27965.625,1496.0
339,B738,flown_centroid,277.89588063972593,27965.625,1496.0
340,B738,flown_centroid,277.7195371324736,27965.625,1520.0
341,B738,flown_centroid,277.7930235025596,27965.625,1552.0
342,B738,flown_centroid,277.86629953357345,27965.625,1584.0
343,B738,flown_centroid,278.0697452546515,27965.625,1640.0
344,B738,flown_centroid,277.8929643023184,27965.625,1640.0
345,B738,flown_centroid,277.71623131224464,27965.625,1616.0
346,B738,flown_centroid,277.5248247185745,27965.625,1608.0
347,B738,flown_centroid,277.6392636670843,27965.625,1600.0
348,B738,flown_centroid,277.6392636670843,27965.625,1576.0
349,B738,flown_centroid,277.9445972670345,27965.625,1565.3333333333335
350,B738,flown_centroid,277.9035940035161,27965.625,1565.3333333333335
351,B738,flown_centroid,277.8624486597238,27965.625,1565.3333333333335
352,B738,flown_centroid,277.86937699994576,27965.625,1565.3333333333335
353,B738,flown_centroid,277.8760371745191,27965.625,1552.0
354,B738,flown_centroid,277.57826834852574,27965.625,1557.3333333333335
355,B738,flown_centroid,277.361659434281,27965.625,1557.3333333333335
356,B738,flown_centroid,277.1451227250309,27965.625,1578.6666666666667
357,B738,flown_centroid,277.15102788305217,27965.625,1589.3333333333335
358,B738,flown_centroid,277.0517805709441,27965.625,1600.0
359,B738,flown_centroid,277.0517805709441,27965.625,1600.0
360,B738,flown_centroid,276.94685323869146,27965.625,1600.0
361,B738,flown_centroid,276.9289416224199,27965.625,1584.0
362,B738,flown_centroid,276.9109005644393,27965.625,1568.0
363,B738,flown_centroid,276.77939677472347,27965.625,1552.0
364,B738,flown_centroid,276.64772820652735,27965.625,1536.0
